{
    "0": "Question_type:\u00a0 tf",
    "1": "Question: True or false:\u00a0If \n\u00a0is the dot product of vectors A and B, then \n. ",
    "2": "Answer Choices:",
    "3": "True",
    "4": "False",
    "5": "Answer: True",
    "6": "Solution:\u00a0Dot product of two vectors is commutative",
    "7": "Topics:\u00a0[math,V2,V3, dot]",
    "8": "Images:\u00a0",
    "9": "Question_type:\u00a0 tf",
    "10": "Question: True or False: If \u00a0is the cross\u00a0product of vectors A and B, then \n",
    "11": "Answer Choices:",
    "12": "True",
    "13": "False",
    "14": "Answer:\u00a0False",
    "15": "Solution:\u00a0Cross product is not commutative. ",
    "16": "Topics:\u00a0[math,V2,V3, dot]",
    "17": "Images:",
    "18": "Question_type:\u00a0 mc",
    "19": "Question: Multiple choice: Consider two vectors \u00a0 and . Then ",
    "20": "Answer Choices:",
    "21": "-8",
    "22": "8",
    "23": "-27",
    "24": "3",
    "25": "Answer:\u00a08",
    "26": "Solution:\u00a0Computing the vector by multiplication.",
    "27": "Topics:[math,V2,V3, dot]",
    "28": "Images:",
    "29": "Question_type:\u00a0 mc",
    "30": "Question: Multiple choice: The coordinates of point A in the figure below is ",
    "31": "\u00a0while the coordinates of point B is The magnitude of the force F is 500 N. The y-coordinate\n\u00a0of this force is:\n",
    "32": "Answer Choices:",
    "33": "250 N ",
    "34": "",
    "35": "",
    "36": "",
    "37": "Answer:\u00a0250",
    "38": "Solution:\u00a0Computing the vector by multiplication.",
    "39": "Topics:\u00a0math,V2,V3, dot",
    "40": "Images:",
    "41": ""
}